n,original,l2,l1,noisy
0,1.15725e-022,0.0565364,0.00679714,0.0200768
1,6.13592e-005,0.0549988,0.00275656,0.0381016
2,0.000122718,0.0534278,-0.000201482,0.0186052
3,0.000184077,0.0518465,-0.00208147,0.0221139
4,0.000245436,0.0502793,-0.00291904,-0.0376155
5,0.000306794,0.0487511,-0.00277857,0.0148019
6,0.000368152,0.0472866,-0.00174998,0.0150976
7,0.000429509,0.0459095,5.5092e-005,0.00531654
8,0.000490866,0.0446419,0.00250773,0.00511261
9,0.000552222,0.0435038,0.00546648,0.0105253
10,0.000613577,0.0425121,0.00878233,-0.0180967
11,0.000674931,0.0416806,0.0123037,0.0313984
12,0.000736284,0.0410192,0.0158816,-0.0154736
13,0.000797636,0.0405337,0.0193739,0.0117744
14,0.000858987,0.0402255,0.0226498,-0.00127881
15,0.000920336,0.0400917,0.0255936,0.01621
16,0.000981685,0.0401252,0.0281078,-0.00763782
17,0.00104303,0.0403145,0.0301154,0.0161141
18,0.00110438,0.0406447,0.0315616,0.0359513
19,0.00116572,0.0410971,0.0324145,-0.0144
20,0.00122706,0.0416504,0.0326655,0.0247654
21,0.0012884,0.0422814,0.0323283,-0.0270637
22,0.00134974,0.0429649,0.0314374,0.00445655
23,0.00141107,0.0436755,0.0300464,0.0249696
24,0.00147241,0.0443876,0.028225,0.0303403
25,0.00153374,0.0450764,0.0260561,0.0230121
26,0.00159507,0.045719,0.0236323,-0.0169704
27,0.0016564,0.0462945,0.0210524,0.0230595
28,0.00171772,0.0467849,0.0184176,0.0199939
29,0.00177904,0.0471758,0.0158279,-0.0157465
30,0.00184036,0.0474564,0.0133783,0.0325301
31,0.00190168,0.0476203,0.0111561,0.0370603
32,0.00196299,0.0476651,0.00923766,0.00880067
33,0.0020243,0.0475928,0.00768621,-0.0192882
34,0.00208561,0.0474094,0.00654992,0.009507
35,0.00214691,0.0471248,0.00586066,-0.00802204
36,0.00220821,0.0467524,0.00563337,-0.020638
37,0.00226951,0.0463085,0.00586596,0.0292581
38,0.00233081,0.0458116,0.00653984,-0.00725401
39,0.0023921,0.045282,0.00762109,0.0136987
40,0.00245338,0.0447409,0.00906196,-0.00597756
41,0.00251467,0.0442095,0.010803,0.0469633
42,0.00257595,0.0437086,0.0127753,0.00238567
43,0.00263722,0.0432574,0.0149035,-0.0158196
44,0.00269849,0.0428734,0.017108,0.00547457
45,0.00275976,0.0425713,0.0193085,0.000925438
46,0.00282103,0.0423626,0.0214264,0.0543889
47,0.00288229,0.0422554,0.0233878,-0.00858799
48,0.00294354,0.0422541,0.0251256,-0.0341832
49,0.00300479,0.042359,0.0265823,0.0194517
50,0.00306604,0.0425666,0.0277112,0.0290963
51,0.00312728,0.0428697,0.0284781,-0.0190508
52,0.00318851,0.0432575,0.0288622,0.0169207
53,0.00324975,0.0437162,0.0288566,-0.0040416
54,0.00331097,0.0442297,0.0284683,-0.0569594
55,0.0033722,0.0447795,0.0277173,-0.0145246
56,0.00343341,0.0453463,0.0266362,0.0105274
57,0.00349462,0.04591,0.0252685,-0.0131333
58,0.00355583,0.0464507,0.023667,0.0132854
59,0.00361703,0.0469495,0.0218918,0.0235095
60,0.00367823,0.0473891,0.0200081,0.0119304
61,0.00373942,0.0477543,0.0180839,0.0111344
62,0.0038006,0.048033,0.0161874,-0.0275197
63,0.00386178,0.048216,0.014385,0.0392387
64,0.00392295,0.0482979,0.0127391,0.0185228
65,0.00398412,0.0482768,0.0113054,0.0367781
66,0.00404528,0.0481549,0.0101321,0.00661646
67,0.00410644,0.047938,0.00925739,-0.0175519
68,0.00416759,0.0476353,0.00870909,-0.00614259
69,0.00422873,0.0472594,0.00850346,0.0199808
70,0.00428987,0.0468255,0.00864492,0.0093763
71,0.004351,0.046351,0.00912613,0.0443975
72,0.00441212,0.0458547,0.00992832,0.0346248
73,0.00447324,0.0453563,0.0110222,0.0599016
74,0.00453435,0.0448755,0.0123688,0.00346736
75,0.00459545,0.0444316,0.0139214,0.0371928
76,0.00465654,0.0440422,0.0156265,0.0436441
77,0.00471763,0.0437231,0.0174264,-0.00705451
78,0.00477872,0.0434874,0.0192605,-0.0262485
79,0.00483979,0.0433453,0.0210677,-0.0523793
80,0.00490086,0.0433034,0.0227882,0.0268176
81,0.00496192,0.0433644,0.0243655,0.0155922
82,0.00502298,0.0435276,0.0257483,0.0361412
83,0.00508402,0.0437881,0.0268917,-0.00813659
84,0.00514506,0.0441375,0.027759,-0.0181202
85,0.0052061,0.0445642,0.0283225,0.0246019
86,0.00526713,0.0450535,0.0285643,0.013435
87,0.00532815,0.0455884,0.028477,0.0159336
88,0.00538916,0.0461502,0.0280635,7.96787e-005
89,0.00545017,0.046719,0.0273368,0.0148114
90,0.00551118,0.0472747,0.0263201,0.017415
91,0.00557218,0.0477977,0.025045,0.0124447
92,0.00563318,0.0482694,0.0235516,-0.00395764
93,0.00569418,0.048673,0.0218862,0.0316438
94,0.00575518,0.0489943,0.0201008,0.00280358
95,0.00581619,0.0492222,0.0182507,-0.0353848
96,0.00587721,0.0493489,0.0163936,0.0138003
97,0.00593823,0.0493703,0.0145874,0.0221092
98,0.00599928,0.0492863,0.012889,-0.0116367
99,0.00606036,0.0491008,0.0113524,0.0280792
100,0.00612147,0.0488215,0.0100274,0.00287355
101,0.00618262,0.0484594,0.00895853,0.0189121
102,0.00624384,0.048029,0.00818347,0.0301552
103,0.00630514,0.0475471,0.00773253,0.00817189
104,0.00636653,0.0470328,0.00762786,-0.0581565
105,0.00642806,0.0465063,0.007883,0.00906529
106,0.00648974,0.0459885,0.00850272,-0.0148867
107,0.00655163,0.0455,0.00948302,0.0135856
108,0.00661377,0.0450605,0.0108115,-0.00970258
109,0.00667622,0.0446879,0.0124676,0.00714442
110,0.00673905,0.0443978,0.0144238,0.0381776
111,0.00680236,0.0442028,0.0166457,-0.0157336
112,0.00686625,0.0441119,0.0190935,0.0786611
113,0.00693084,0.0441306,0.0217232,-0.0149125
114,0.00699631,0.0442599,0.0244872,-0.000705166
115,0.00706282,0.0444972,0.0273357,0.0423317
116,0.00713059,0.0448355,0.0302182,0.0395747
117,0.0071999,0.0452642,0.0330843,0.0300945
118,0.00727105,0.0457693,0.0358846,0.0126578
119,0.0073444,0.0463338,0.0385724,0.00493075
120,0.00742039,0.0469385,0.041104,-0.0160196
121,0.00749952,0.0475627,0.0434398,0.0729124
122,0.00758238,0.0481848,0.0455448,0.0203762
123,0.00766966,0.0487833,0.0473893,0.00218328
124,0.00776217,0.0493377,0.0489496,-0.00257387
125,0.00786082,0.0498289,0.0502074,-0.0418407
126,0.00796668,0.0502405,0.0511508,0.0128234
127,0.008081,0.0505588,0.0517741,-0.00529642
128,0.00820518,0.0507742,0.0520773,0.0294073
129,0.00834082,0.0508807,0.0520662,-0.0188121
130,0.00848978,0.0508769,0.0517522,0.0281145
131,0.00865413,0.050766,0.0511515,0.0139807
132,0.00883622,0.0505553,0.0502847,0.0106494
133,0.00903872,0.0502568,0.0491766,0.0661168
134,0.00926459,0.049886,0.0478552,0.0332117
135,0.00951717,0.0494621,0.0463513,-0.00811237
136,0.00980017,0.0490071,0.0446977,0.0242026
137,0.0101177,0.0485451,0.0429287,0.00835949
138,0.0104743,0.0481014,0.0410791,0.0660051
139,0.010875,0.0477021,0.0391842,-0.0309007
140,0.0113253,0.0473725,0.0372784,-0.0150877
141,0.0118312,0.0471369,0.0353953,-0.0116397
142,0.0123992,0.0470177,0.0335665,0.024144
143,0.0130363,0.0470342,0.0318216,0.00844837
144,0.0137501,0.0472025,0.0301874,-0.00511165
145,0.0145488,0.047535,0.0286876,-0.054473
146,0.0154409,0.0480396,0.0273425,-0.0114653
147,0.0164359,0.0487199,0.0261683,-0.016394
148,0.0175432,0.0495752,0.0251775,0.0601589
149,0.0187731,0.0506003,0.0243782,0.00299006
150,0.0201362,0.0517862,0.0237741,0.00139884
151,0.0216435,0.0531204,0.0233647,0.046344
152,0.0233063,0.0545874,0.0231452,-0.00115181
153,0.0251361,0.0561696,0.0231067,0.00843505
154,0.0271445,0.057848,0.0232363,0.0380243
155,0.0293433,0.0596032,0.0235175,0.023897
156,0.0317441,0.0614161,0.0239307,0.0766161
157,0.0343582,0.0632688,0.0244532,0.0350598
158,0.0371968,0.0651454,0.0250605,0.0277142
159,0.0402702,0.0670332,0.025726,0.0836221
160,0.0435883,0.0689224,0.0264222,0.0466418
161,0.0471601,0.0708076,0.0271213,0.0670242
162,0.0509935,0.0726875,0.0277957,0.0542795
163,0.055095,0.0745651,0.0284186,0.0684555
164,0.0594698,0.0764479,0.0289652,0.0173264
165,0.0641215,0.0783478,0.0294125,0.0814154
166,0.0690519,0.0802801,0.0297409,0.043062
167,0.0742605,0.0822635,0.0299338,0.033749
168,0.0797448,0.0843191,0.0299788,0.0778606
169,0.0855,0.0864696,0.0298675,0.0926287
170,0.0915187,0.0887381,0.0295963,0.09064
171,0.0977908,0.0911476,0.0291659,0.104106
172,0.104303,0.0937191,0.028582,0.108601
173,0.111041,0.0964713,0.0278547,0.126259
174,0.117985,0.0994191,0.0269984,0.126009
175,0.125114,0.102573,0.0260315,0.13533
176,0.132404,0.105937,0.024976,0.158659
177,0.139827,0.109512,0.0238564,0.102647
178,0.147354,0.113288,0.0226999,0.115705
179,0.154953,0.117251,0.0215345,0.145361
180,0.162588,0.121381,0.0203893,0.171647
181,0.170223,0.125648,0.0192928,0.156971
182,0.177819,0.130018,0.0182725,0.105616
183,0.185336,0.134451,0.0173541,0.195045
184,0.192732,0.138903,0.0165601,0.173879
185,0.199964,0.143325,0.01591,0.179264
186,0.20699,0.147665,0.0154188,0.21001
187,0.213767,0.151871,0.0150973,0.237917
188,0.220251,0.15589,0.014951,0.240035
189,0.226402,0.159672,0.0149804,0.227064
190,0.232177,0.163168,0.0151806,0.244037
191,0.23754,0.166335,0.0155416,0.207022
192,0.242452,0.169132,0.0160488,0.213647
193,0.246879,0.171529,0.0166827,0.228767
194,0.250792,0.1735,0.0174202,0.266246
195,0.25416,0.175028,0.0182351,0.262882
196,0.256961,0.176103,0.0190987,0.258448
197,0.259175,0.176725,0.0199811,0.252267
198,0.260784,0.176902,0.0208515,0.292496
199,0.261778,0.176649,0.0216802,0.304492
200,0.26215,0.17599,0.0224385,0.269554
201,0.261898,0.174953,0.0231004,0.224388
202,0.261023,0.173574,0.0236432,0.261277
203,0.259533,0.17189,0.0240482,0.23291
204,0.257439,0.169944,0.0243016,0.267174
205,0.254757,0.167778,0.0243948,0.277252
206,0.251508,0.165437,0.0243247,0.251789
207,0.247715,0.16296,0.0240941,0.254181
208,0.243407,0.160386,0.0237114,0.172256
209,0.238615,0.157752,0.0231904,0.245654
210,0.233372,0.155085,0.0225501,0.193656
211,0.227716,0.152411,0.0218139,0.222547
212,0.221685,0.149747,0.0210091,0.246348
213,0.21532,0.147103,0.0201657,0.200989
214,0.208664,0.144485,0.0193155,0.187891
215,0.201758,0.14189,0.0184913,0.206859
216,0.194645,0.139309,0.0177257,0.187543
217,0.187369,0.136729,0.0170498,0.170405
218,0.179973,0.134134,0.0164923,0.170235
219,0.172497,0.131501,0.0160785,0.145372
220,0.164982,0.12881,0.0158294,0.142121
221,0.157468,0.126038,0.0157612,0.192631
222,0.14999,0.123162,0.015884,0.126456
223,0.142584,0.120166,0.0162023,0.151364
224,0.135282,0.117033,0.016714,0.0862701
225,0.128114,0.113754,0.0174111,0.0996281
226,0.121107,0.110326,0.0182792,0.0744702
227,0.114285,0.106752,0.0192986,0.113556
228,0.10767,0.103043,0.0204442,0.146479
229,0.10128,0.0992183,0.021687,0.0796172
230,0.095131,0.0953033,0.0229945,0.102777
231,0.0892359,0.0913318,0.0243318,0.100624
232,0.0836048,0.0873435,0.0256633,0.0358548
233,0.0782451,0.0833839,0.0269528,0.0565479
234,0.0731618,0.079502,0.0281659,0.0622335
235,0.0683573,0.0757499,0.0292701,0.0526375
236,0.0638322,0.0721799,0.0302366,0.061026
237,0.0595847,0.0688436,0.031041,0.067407
238,0.0556114,0.0657896,0.0316641,-0.00560637
239,0.0519072,0.0630614,0.0320925,0.0788791
240,0.0484655,0.0606961,0.0323194,-0.0114966
241,0.0452786,0.0587222,0.0323445,0.0616478
242,0.0423375,0.0571588,0.0321741,0.0195547
243,0.0396327,0.0560139,0.031821,0.0138852
244,0.0371538,0.0552839,0.0313043,0.0494671
245,0.0348898,0.0549533,0.0306481,0.0853068
246,0.0328295,0.0549945,0.0298815,0.0216644
247,0.0309615,0.0553686,0.0290371,0.0329843
248,0.0292744,0.0560258,0.0281501,0.00297555
249,0.0277568,0.0569074,0.0272571,0.0233573
250,0.0263975,0.0579471,0.026395,0.0281054
251,0.0251859,0.0590733,0.0255993,0.0531458
252,0.0241115,0.0602114,0.0249035,0.0376187
253,0.0231648,0.0612868,0.0243373,-0.00693839
254,0.0223371,0.0622272,0.0239262,0.0457379
255,0.0216204,0.062966,0.0236901,0.0391074
256,0.0210084,0.0634447,0.0236429,0.0642359
257,0.0204962,0.063616,0.0237916,0.0319826
258,0.020081,0.0634461,0.0241367,0.00915626
259,0.0197625,0.062917,0.0246712,0.0184077
260,0.0195437,0.0620282,0.0253816,-0.0267074
261,0.0194315,0.0607978,0.0262479,-0.0186057
262,0.0194381,0.0592639,0.0272442,0.0784624
263,0.0195814,0.057484,0.0283396,0.0170889
264,0.0198871,0.0555348,0.0294991,0.0165151
265,0.0203896,0.0535114,0.030685,0.0142346
266,0.0211338,0.0515249,0.0318575,0.0440622
267,0.0221763,0.0497006,0.0329769,0.0207755
268,0.0235871,0.048175,0.0340039,0.00970329
269,0.0254508,0.0470918,0.0349017,0.0193822
270,0.0278669,0.0465988,0.0356366,0.0439623
271,0.0309511,0.0468431,0.0361796,-0.000224228
272,0.0348339,0.0479673,0.036507,0.0399062
273,0.0396604,0.0501046,0.0366013,0.0878278
274,0.0455882,0.0533743,0.036452,0.0222843
275,0.0527845,0.057878,0.0360555,0.0838606
276,0.0614229,0.0636954,0.0354156,0.110283
277,0.0716789,0.0708806,0.0345435,0.103267
278,0.0837253,0.0794593,0.033457,0.0778848
279,0.0977262,0.0894267,0.0321803,0.0452302
280,0.113831,0.100745,0.0307433,0.105831
281,0.132168,0.113345,0.0291804,0.0825898
282,0.152835,0.127121,0.0275296,0.153279
283,0.175894,0.141939,0.0258312,0.16974
284,0.201359,0.157631,0.0241268,0.238646
285,0.229185,0.174004,0.0224577,0.239693
286,0.259261,0.19084,0.0208638,0.30587
287,0.291391,0.207898,0.0193823,0.307362
288,0.325288,0.224925,0.0180469,0.320085
289,0.360558,0.241656,0.0168862,0.346799
290,0.3967,0.257823,0.0159234,0.360623
291,0.433096,0.273157,0.0151755,0.468607
292,0.469018,0.287398,0.0146528,0.476253
293,0.503641,0.300299,0.0143589,0.491988
294,0.536065,0.311632,0.0142904,0.518561
295,0.565346,0.321195,0.0144372,0.558197
296,0.590535,0.328812,0.0147833,0.610978
297,0.610729,0.334344,0.0153069,0.612307
298,0.625121,0.337687,0.0159816,0.61508
299,0.633049,0.338776,0.0167772,0.630727
300,0.634047,0.33759,0.0176608,0.659822
301,0.627881,0.334148,0.0185978,0.61811
302,0.614575,0.32851,0.0195533,0.597584
303,0.59442,0.320779,0.020493,0.57466
304,0.567969,0.311094,0.0213843,0.569653
305,0.536007,0.29963,0.0221977,0.555046
306,0.499517,0.286593,0.0229073,0.548011
307,0.459625,0.272215,0.0234916,0.50022
308,0.417539,0.256751,0.0239343,0.376408
309,0.374488,0.24047,0.0242248,0.386266
310,0.331659,0.22365,0.0243579,0.296115
311,0.290143,0.206574,0.0243344,0.275503
312,0.25089,0.189522,0.0241605,0.23348
313,0.214673,0.172763,0.0238478,0.207821
314,0.182074,0.156555,0.0234124,0.201328
315,0.153473,0.141133,0.0228744,0.150831
316,0.12906,0.126711,0.022257,0.139498
317,0.108847,0.113472,0.0215859,0.144914
318,0.0926958,0.101569,0.0208879,0.0993287
319,0.0803476,0.0911218,0.0201899,0.057624
320,0.0714545,0.0822134,0.0195186,0.0628392
321,0.0656112,0.0748925,0.0188987,0.0316173
322,0.0623847,0.0691723,0.0183524,0.0731216
323,0.0613392,0.0650318,0.017899,0.0443253
324,0.0620574,0.0624185,0.0175537,0.0736829
325,0.0641554,0.0612505,0.0173272,0.0782891
326,0.0672931,0.0614204,0.017226,0.0732232
327,0.0711801,0.062799,0.0172514,0.0705379
328,0.0755769,0.06524,0.0174003,0.101146
329,0.0802936,0.0685842,0.0176647,0.052831
330,0.0851858,0.0726647,0.0180327,0.0714721
331,0.0901494,0.0773113,0.0184888,0.0629264
332,0.0951139,0.0823556,0.0190142,0.110338
333,0.100036,0.0876348,0.019588,0.0421681
334,0.104895,0.0929963,0.0201878,0.099649
335,0.109684,0.0983008,0.0207906,0.155283
336,0.114408,0.103426,0.0213736,0.115453
337,0.119078,0.108267,0.0219149,0.0436357
338,0.123711,0.112741,0.0223947,0.117755
339,0.128323,0.116785,0.0227956,0.132853
340,0.132931,0.120361,0.0231033,0.15081
341,0.137549,0.12345,0.0233072,0.134377
342,0.142191,0.126052,0.0234006,0.0967024
343,0.146868,0.128191,0.023381,0.16421
344,0.151588,0.129903,0.02325,0.17102
345,0.156358,0.131242,0.0230134,0.167344
346,0.161182,0.132271,0.0226807,0.1497
347,0.166061,0.133063,0.0222648,0.139609
348,0.170998,0.133698,0.0217814,0.183679
349,0.17599,0.134255,0.0212486,0.20407
350,0.181038,0.134815,0.0206861,0.172996
351,0.186137,0.135455,0.0201142,0.159878
352,0.191286,0.136245,0.0195537,0.199668
353,0.196479,0.137246,0.0190242,0.178673
354,0.201712,0.13851,0.0185444,0.211606
355,0.206981,0.140077,0.0181306,0.224834
356,0.21228,0.141974,0.0177966,0.216494
357,0.217604,0.144214,0.0175533,0.203598
358,0.222946,0.146797,0.0174078,0.234403
359,0.228302,0.149711,0.0173638,0.229326
360,0.233663,0.152932,0.0174211,0.200157
361,0.239025,0.156424,0.0175761,0.234056
362,0.24438,0.160144,0.0178212,0.237166
363,0.249721,0.164039,0.0181462,0.281155
364,0.255041,0.168054,0.0185377,0.271918
365,0.260334,0.17213,0.0189801,0.271329
366,0.265592,0.176205,0.0194565,0.317398
367,0.270807,0.18022,0.0199485,0.245736
368,0.275973,0.184121,0.0204379,0.290045
369,0.281081,0.187857,0.0209064,0.279826
370,0.286125,0.191382,0.021337,0.263252
371,0.291096,0.194661,0.0217143,0.298008
372,0.295988,0.197667,0.0220249,0.28141
373,0.300792,0.200382,0.0222583,0.295816
374,0.305501,0.202798,0.0224068,0.27099
375,0.310108,0.204915,0.022466,0.319212
376,0.314606,0.206745,0.0224348,0.344905
377,0.318986,0.208306,0.0223153,0.318674
378,0.323242,0.209623,0.0221132,0.324791
379,0.327367,0.21073,0.0218369,0.285139
380,0.331354,0.211661,0.0214973,0.287084
381,0.335197,0.212457,0.0211077,0.334264
382,0.338888,0.213159,0.0206831,0.337637
383,0.342421,0.213805,0.0202393,0.364424
384,0.34579,0.214436,0.0197929,0.343513
385,0.34899,0.215085,0.0193602,0.352191
386,0.352015,0.215783,0.0189569,0.352621
387,0.354859,0.216554,0.0185973,0.349155
388,0.357517,0.217417,0.0182939,0.351875
389,0.359985,0.218382,0.0180571,0.39787
390,0.362259,0.219452,0.0178946,0.378772
391,0.364333,0.220623,0.0178113,0.405446
392,0.366205,0.221884,0.0178091,0.361907
393,0.367872,0.223216,0.0178869,0.412828
394,0.369329,0.224595,0.0180408,0.310702
395,0.370575,0.225992,0.018264,0.364067
396,0.371607,0.227375,0.0185473,0.360775
397,0.372424,0.228708,0.0188795,0.374515
398,0.373024,0.229955,0.0192476,0.406613
399,0.373406,0.231079,0.0196377,0.391546
400,0.37357,0.232045,0.0200351,0.369057
401,0.373515,0.232822,0.020425,0.393815
402,0.373241,0.233381,0.0207934,0.395157
403,0.372749,0.233698,0.0211269,0.329159
404,0.37204,0.233756,0.0214139,0.371938
405,0.371116,0.233543,0.0216446,0.331435
406,0.369978,0.233054,0.0218112,0.357297
407,0.368629,0.23229,0.0219086,0.388194
408,0.367071,0.231259,0.0219344,0.357907
409,0.365307,0.229975,0.0218887,0.359263
410,0.363341,0.228458,0.0217743,0.407402
411,0.361176,0.226732,0.0215964,0.380107
412,0.358816,0.224825,0.0213627,0.402794
413,0.356266,0.222768,0.0210825,0.338656
414,0.35353,0.220593,0.0207671,0.379421
415,0.350613,0.218333,0.0204286,0.332305
416,0.347522,0.216021,0.0200798,0.369254
417,0.344261,0.213688,0.0197339,0.322936
418,0.340836,0.211361,0.0194036,0.311385
419,0.337253,0.209065,0.0191008,0.343577
420,0.333519,0.206821,0.0188363,0.307098
421,0.32964,0.204642,0.0186195,0.297778
422,0.325623,0.20254,0.0184574,0.331827
423,0.321475,0.200519,0.0183554,0.355071
424,0.317203,0.198577,0.0183162,0.364282
425,0.312814,0.19671,0.0183405,0.322688
426,0.308315,0.194905,0.0184262,0.297743
427,0.303713,0.193149,0.0185694,0.259196
428,0.299017,0.191423,0.0187639,0.307611
429,0.294234,0.189707,0.0190018,0.299673
430,0.289371,0.187978,0.0192736,0.304756
431,0.284435,0.186214,0.0195689,0.287998
432,0.279435,0.184392,0.0198765,0.244042
433,0.274378,0.182491,0.020185,0.272098
434,0.26927,0.180492,0.020483,0.283333
435,0.264121,0.17838,0.0207599,0.224177
436,0.258936,0.176141,0.021006,0.256799
437,0.253724,0.173769,0.021213,0.236648
438,0.248491,0.171259,0.0213739,0.280305
439,0.243244,0.168614,0.0214839,0.238209
440,0.237991,0.165839,0.02154,0.207176
441,0.232737,0.162944,0.0215414,0.190203
442,0.22749,0.159946,0.0214893,0.222796
443,0.222256,0.156862,0.0213868,0.224438
444,0.217041,0.153714,0.021239,0.191012
445,0.211851,0.150527,0.0210524,0.187636
446,0.206692,0.147326,0.0208353,0.195906
447,0.201569,0.144137,0.0205964,0.200698
448,0.196488,0.140986,0.0203457,0.225068
449,0.191454,0.137899,0.0200932,0.18969
450,0.186471,0.134899,0.0198488,0.233033
451,0.181545,0.132005,0.0196221,0.140878
452,0.176679,0.129236,0.019422,0.177183
453,0.171878,0.126604,0.0192561,0.126336
454,0.167146,0.124119,0.0191309,0.213676
455,0.162486,0.121785,0.0190513,0.17219
456,0.157901,0.119604,0.0190204,0.114408
457,0.153395,0.11757,0.0190397,0.156603
458,0.148971,0.115676,0.0191087,0.124738
459,0.144631,0.11391,0.0192255,0.168162
460,0.140378,0.112258,0.0193863,0.1114
461,0.136214,0.110701,0.019586,0.0985503
462,0.13214,0.10922,0.0198182,0.121109
463,0.128158,0.107796,0.0200757,0.0783379
464,0.12427,0.106407,0.0203506,0.0903916
465,0.120477,0.105034,0.0206346,0.119242
466,0.116779,0.103659,0.0209194,0.137913
467,0.113178,0.102264,0.0211969,0.0967892
468,0.109674,0.100835,0.0214598,0.0891987
469,0.106268,0.0993618,0.0217016,0.0705442
470,0.102959,0.0978369,0.0219167,0.0826795
471,0.0997477,0.0962565,0.0221008,0.121642
472,0.0966336,0.0946207,0.0222514,0.119559
473,0.0936164,0.0929333,0.0223669,0.144956
474,0.0906956,0.091202,0.0224476,0.0625545
475,0.0878705,0.0894374,0.0224951,0.114792
476,0.0851402,0.0876531,0.0225126,0.105173
477,0.0825037,0.085865,0.0225045,0.0947383
478,0.07996,0.0840906,0.022476,0.0834164
479,0.0775078,0.0823481,0.0224336,0.0816239
480,0.0751459,0.0806565,0.0223843,0.0784949
481,0.0728726,0.0790338,0.0223354,0.114741
482,0.0706867,0.0774972,0.0222944,0.0765676
483,0.0685863,0.0760619,0.0222686,0.0049924
484,0.0665699,0.0747407,0.0222652,0.0872607
485,0.0646357,0.0735438,0.0222903,0.0676502
486,0.0627819,0.0724778,0.0223495,0.0556694
487,0.0610066,0.0715461,0.0224472,0.0810469
488,0.0593079,0.0707484,0.0225868,0.0751767
489,0.0576838,0.0700808,0.0227703,0.0486791
490,0.0561324,0.0695361,0.0229983,0.0661967
491,0.0546517,0.0691038,0.0232701,0.0950434
492,0.0532396,0.0687706,0.0235836,0.0362966
493,0.0518941,0.0685211,0.0239353,0.0224519
494,0.0506131,0.0683379,0.0243206,0.0525563
495,0.0493946,0.0682028,0.0247336,0.0772609
496,0.0482366,0.0680968,0.0251674,0.0462817
497,0.0471369,0.0680014,0.0256142,0.0342681
498,0.0460937,0.0678988,0.0260658,0.0262731
499,0.0451048,0.0677728,0.026513,0.0514248
500,0.0441683,0.0676092,0.0269466,0.0408275
501,0.0432823,0.0673961,0.027357,0.0681315
502,0.0424447,0.067125,0.0277349,0.0373016
503,0.0416537,0.0667899,0.0280709,0.0894506
504,0.0409073,0.0663885,0.0283561,0.0593236
505,0.0402039,0.0659219,0.028582,-0.00390993
506,0.0395415,0.065394,0.0287409,0.0529795
507,0.0389184,0.0648122,0.0288258,0.0689051
508,0.0383328,0.0641862,0.0288307,0.0529199
509,0.0377832,0.0635282,0.0287505,0.0456521
510,0.0372679,0.0628521,0.0285815,0.0720295
511,0.0367852,0.0621728,0.0283211,0.0170387
512,0.0363336,0.0615062,0.0279682,0.0359647
513,0.0359118,0.0608679,0.0275233,0.0344519
514,0.0355181,0.060273,0.0269881,0.0805013
515,0.0351512,0.0597352,0.0263664,-0.0190605
516,0.0348097,0.0592668,0.0256633,0.000417368
517,0.0344925,0.0588777,0.0248859,0.0637957
518,0.034198,0.0585753,0.0240429,0.0792149
519,0.0339253,0.058364,0.0231447,0.0111872
520,0.0336731,0.0582455,0.0222036,-0.00792121
521,0.0334403,0.0582182,0.021233,0.0672781
522,0.0332258,0.0582776,0.0202483,0.0471914
523,0.0330286,0.0584164,0.0192658,0.00903894
524,0.0328478,0.0586246,0.0183027,0.0700471
525,0.0326823,0.0588902,0.0173772,0.0460433
526,0.0325313,0.0591994,0.0165079,0.0388338
527,0.032394,0.0595371,0.015713,0.0904808
528,0.0322694,0.0598877,0.0150106,0.0484536
529,0.0321569,0.0602353,0.0144179,0.0409057
530,0.0320557,0.0605647,0.0139504,-0.0320932
531,0.0319651,0.0608615,0.0136221,0.058164
532,0.0318844,0.061113,0.0134442,0.0497464
533,0.031813,0.0613083,0.0134254,-0.00673188
534,0.0317503,0.0614391,0.0135707,0.0253462
535,0.0316957,0.0614996,0.0138815,-0.00908
536,0.0316488,0.0614868,0.0143554,0.0797343
537,0.0316089,0.0614006,0.0149852,0.0227107
538,0.0315756,0.0612438,0.0157598,0.00782423
539,0.0315486,0.061022,0.0166633,-0.0155757
540,0.0315272,0.0607432,0.0176758,0.0310216
541,0.0315112,0.0604176,0.0187732,0.0149436
542,0.0315001,0.0600572,0.0199281,0.00763462
543,0.0314937,0.0596753,0.0211099,0.0473992
544,0.0314915,0.059286,0.0222858,0.0278973
545,0.0314933,0.0589037,0.0234216,-0.00913046
546,0.0314988,0.0585424,0.0244828,-0.00695956
547,0.0315077,0.0582154,0.0254354,0.0438028
548,0.0315197,0.0579346,0.0262474,-0.00478972
549,0.0315347,0.0577104,0.0268896,0.0609889
550,0.0315523,0.0575508,0.0273373,0.0328088
551,0.0315724,0.0574615,0.0275709,0.0498604
552,0.0315948,0.0574457,0.0275775,0.0707146
553,0.0316193,0.0575038,0.0273515,0.0286455
554,0.0316458,0.0576335,0.0268959,-0.0641556
555,0.031674,0.0578299,0.0262223,-0.0140578
556,0.0317038,0.0580858,0.0253521,0.0181193
557,0.0317352,0.0583916,0.0243159,0.0132971
558,0.0317679,0.0587362,0.0231541,0.0241873
559,0.0318019,0.0591071,0.0219161,0.0244414
560,0.0318371,0.0594909,0.0206596,0.011363
561,0.0318733,0.0598739,0.0194498,0.0557149
562,0.0319104,0.0602423,0.0183582,0.0109081
563,0.0319485,0.0605834,0.0174606,0.0706817
564,0.0319873,0.0608851,0.0168356,0.0108055
565,0.0320269,0.0611373,0.0165627,0.0421211
566,0.0320671,0.0613316,0.0167198,-0.0157103
567,0.0321079,0.0614618,0.0173811,0.0220491
568,0.0321493,0.0615242,0.0186149,0.0295804
569,0.0321911,0.0615177,0.0204808,0.0713132
570,0.0322334,0.0614437,0.0230282,0.0292025
571,0.0322761,0.0613061,0.0262936,0.0321962
572,0.0323192,0.0611113,0.0302988,0.00509845
573,0.0323626,0.0608676,0.0350499,0.0391294
574,0.0324062,0.0605852,0.0405354,0.00639294
575,0.0324501,0.0602755,0.0467258,0.0075136
576,0.0324943,0.0599512,0.0535729,0.0350247
577,0.0325386,0.0596251,0.0610103,0.00758705
578,0.0325832,0.0593102,0.0689536,0.010899
579,0.0326278,0.0590191,0.0773019,0.041853
580,0.0326727,0.0587631,0.0859388,0.0605404
581,0.0327176,0.0585525,0.094735,0.0562021
582,0.0327627,0.0583956,0.10355,0.00409371
583,0.0328078,0.0582988,0.112237,0.066403
584,0.032853,0.0582662,0.120643,0.044305
585,0.0328983,0.0582995,0.128614,-0.0161174
586,0.0329436,0.0583979,0.135999,0.0750118
587,0.0329889,0.0585582,0.142652,0.0433156
588,0.0330343,0.0587749,0.148437,0.0356048
589,0.0330798,0.0590405,0.153232,0.00311595
590,0.0331252,0.0593457,0.156929,0.0400929
591,0.0331706,0.0596797,0.159442,-0.00937388
592,0.0332161,0.0600308,0.160703,0.0867094
593,0.0332615,0.0603867,0.160672,0.0741015
594,0.033307,0.0607349,0.15933,0.0554519
595,0.0333524,0.0610634,0.156687,0.0473099
596,0.0333978,0.0613609,0.152777,0.036858
597,0.0334432,0.0616174,0.147662,0.0303988
598,0.0334886,0.0618243,0.141426,0.0450939
599,0.0335339,0.0619751,0.134179,0.0702794
600,0.0335793,0.0620653,0.126049,-0.000281731
601,0.0336245,0.0620927,0.117182,0.0320002
602,0.0336698,0.0620574,0.107741,0.0650141
603,0.033715,0.0619619,0.0978967,0.0537705
604,0.0337602,0.061811,0.0878273,0.0557319
605,0.0338053,0.0616114,0.0777137,0.0484723
606,0.0338504,0.0613715,0.0677346,0.0813401
607,0.0338955,0.0611014,0.0580623,0.0412962
608,0.0339405,0.060812,0.048859,0.0239624
609,0.0339855,0.0605152,0.0402727,0.0419481
610,0.0340304,0.0602228,0.0324338,0.017288
611,0.0340753,0.0599465,0.025452,0.0721588
612,0.0341201,0.0596974,0.0194141,0.00491375
613,0.0341649,0.0594854,0.0143822,0.0573614
614,0.0342097,0.059319,0.0103924,0.0743888
615,0.0342544,0.0592052,0.0074546,0.0267209
616,0.034299,0.0591486,0.00555256,0.0346148
617,0.0343436,0.0591519,0.0046452,-0.00434635
618,0.0343882,0.0592157,0.00466807,-0.0104371
619,0.0344327,0.0593379,0.00553577,0.0183334
620,0.0344771,0.0595147,0.00714474,0.030683
621,0.0345215,0.0597401,0.00937659,0.0644531
622,0.0345659,0.0600061,0.0121018,0.0376953
623,0.0346102,0.0603037,0.0151837,0.0341038
624,0.0346544,0.0606223,0.0184825,0.06723
625,0.0346986,0.0609509,0.0218593,0.0300387
626,0.0347428,0.061278,0.0251803,0.0326618
627,0.0347869,0.0615922,0.0283204,0.0544321
628,0.0348309,0.0618827,0.0311667,0.0306481
629,0.0348749,0.0621397,0.0336215,4.93573e-005
630,0.0349188,0.0623546,0.035605,0.00926373
631,0.0349627,0.0625203,0.0370569,0.0286726
632,0.0350066,0.0626317,0.0379378,0.0292934
633,0.0350503,0.0626857,0.03823,0.0379538
634,0.0350941,0.0626814,0.0379371,0.039152
635,0.0351377,0.0626201,0.0370837,0.0478566
636,0.0351814,0.0625049,0.0357138,0.0231841
637,0.0352249,0.0623414,0.0338887,0.0427257
638,0.0352685,0.0621365,0.0316849,0.0343842
639,0.0353119,0.0618989,0.0291909,0.0312744
640,0.0353553,0.0616384,0.0265045,0.0532508
641,0.0353987,0.0613656,0.0237285,0.0604183
642,0.035442,0.0610914,0.0209678,0.0396752
643,0.0354853,0.060827,0.0183259,0.0188069
644,0.0355285,0.0605829,0.0159008,0.0557918
645,0.0355716,0.0603689,0.0137824,0.0468276
646,0.0356147,0.0601937,0.0120494,-0.00932541
647,0.0356577,0.0600645,0.0107667,0.0703145
648,0.0357007,0.0599866,0.00998337,0.00820641
649,0.0357437,0.0599636,0.00973154,0.0650616
650,0.0357865,0.0599968,0.0100251,-0.00220612
651,0.0358294,0.0600858,0.0108597,0.0335899
652,0.0358721,0.0602276,0.012213,0.00124524
653,0.0359149,0.0604176,0.0140457,0.0574429
654,0.0359575,0.0606494,0.0163028,-0.00115968
655,0.0360001,0.0609149,0.0189158,0.0204165
656,0.0360427,0.061205,0.0218052,0.046802
657,0.0360852,0.0615095,0.0248829,0.0412746
658,0.0361276,0.0618179,0.0280554,0.0297529
659,0.03617,0.0621193,0.0312271,0.0539751
660,0.0362124,0.0624035,0.0343032,0.0575374
661,0.0362546,0.0626607,0.0371928,0.0320032
662,0.0362969,0.0628822,0.0398119,0.0375429
663,0.036339,0.0630606,0.0420864,0.0705418
664,0.0363812,0.0631903,0.0439538,0.0226612
665,0.0364232,0.0632675,0.0453654,0.0510293
666,0.0364652,0.0632901,0.0462879,-0.0294281
667,0.0365072,0.0632584,0.046704,0.0227665
668,0.0365491,0.0631744,0.0466126,0.0775406
669,0.0365909,0.0630424,0.0460291,0.0292749
670,0.0366327,0.0628681,0.0449843,0.0197632
671,0.0366744,0.062659,0.043523,0.00523435
672,0.0367161,0.0624237,0.0417026,0.0598439
673,0.0367577,0.0621719,0.0395909,0.019138
674,0.0367993,0.0619138,0.0372638,0.0162914
675,0.0368408,0.0616598,0.0348022,0.0450002
676,0.0368823,0.0614201,0.0322898,0.0282738
677,0.0369237,0.0612043,0.0298099,0.0330448
678,0.036965,0.0610212,0.0274429,0.0277687
679,0.0370063,0.0608783,0.0252635,0.0312429
680,0.0370476,0.0607815,0.0233382,0.0484937
681,0.0370887,0.0607351,0.0217236,0.0889033
682,0.0371299,0.0607413,0.0204646,-0.00123925
683,0.0371709,0.0608005,0.0195929,0.0411322
684,0.0372119,0.0609112,0.0191265,0.0467146
685,0.0372529,0.0610697,0.0190695,0.0144243
686,0.0372938,0.0612708,0.0194118,0.0472372
687,0.0373346,0.0615077,0.0201304,0.0103205
688,0.0373754,0.0617722,0.0211902,0.0251959
689,0.0374161,0.062055,0.0225453,0.0380595
690,0.0374568,0.0623464,0.0241415,0.0175924
691,0.0374974,0.0626362,0.0259179,0.0227391
692,0.037538,0.0629144,0.0278093,0.0353372
693,0.0375785,0.0631714,0.0297486,0.000218784
694,0.0376189,0.0633986,0.0316697,0.0353446
695,0.0376593,0.0635882,0.0335092,0.028221
696,0.0376997,0.063734,0.0352088,0.00825323
697,0.03774,0.0638316,0.0367176,0.0277216
698,0.0377802,0.0638782,0.0379934,0.0264362
699,0.0378203,0.0638729,0.0390043,0.0530946
700,0.0378604,0.0638168,0.0397293,0.049552
701,0.0379005,0.063713,0.0401591,0.00606313
702,0.0379405,0.0635661,0.0402959,0.0656053
703,0.0379804,0.0633826,0.0401533,0.0780441
704,0.0380203,0.06317,0.0397553,0.0569389
705,0.0380601,0.0629372,0.0391351,0.0419638
706,0.0380999,0.0626936,0.038334,8.92258e-005
707,0.0381396,0.062449,0.037399,0.042751
708,0.0381792,0.0622133,0.0363814,0.0882779
709,0.0382188,0.0619961,0.0353345,0.0426763
710,0.0382584,0.061806,0.0343112,-0.0165566
711,0.0382978,0.0616508,0.0333626,0.0717326
712,0.0383373,0.0615369,0.0325351,0.049786
713,0.0383766,0.0614693,0.0318694,0.062713
714,0.0384159,0.0614509,0.0313985,0.0671782
715,0.0384552,0.0614832,0.0311468,0.0495959
716,0.0384944,0.0615655,0.0311289,0.0362687
717,0.0385335,0.0616953,0.0313491,0.0389294
718,0.0385726,0.0618685,0.0318018,0.039351
719,0.0386116,0.0620791,0.0324712,0.00705416
720,0.0386505,0.0623199,0.0333324,0.0397631
721,0.0386894,0.0625827,0.0343522,0.0446904
722,0.0387283,0.0628584,0.0354907,0.0149891
723,0.038767,0.0631372,0.0367027,0.0234081
724,0.0388058,0.0634096,0.0379397,0.0513567
725,0.0388444,0.0636662,0.0391517,0.0126343
726,0.038883,0.0638981,0.0402894,-0.0029527
727,0.0389216,0.0640976,0.0413057,0.0627598
728,0.0389601,0.0642579,0.0421583,0.0642965
729,0.0389985,0.0643739,0.0428107,0.0630225
730,0.0390369,0.0644421,0.043234,0.0606705
731,0.0390752,0.0644608,0.0434079,0.054389
732,0.0391134,0.0644301,0.0433215,0.0401937
733,0.0391516,0.064352,0.0429741,0.0501054
734,0.0391898,0.0642303,0.0423745,0.0754755
735,0.0392278,0.0640702,0.0415414,0.0168804
736,0.0392658,0.0638786,0.0405022,0.0278354
737,0.0393038,0.0636633,0.039292,-0.000653928
738,0.0393417,0.0634331,0.0379524,0.00191913
739,0.0393795,0.0631975,0.0365296,0.0402467
740,0.0394173,0.0629657,0.0350728,0.0227013
741,0.039455,0.0627473,0.0336319,0.0595749
742,0.0394927,0.0625509,0.0322559,0.088119
743,0.0395303,0.0623846,0.0309905,0.0269974
744,0.0395678,0.0622552,0.0298767,0.0463336
745,0.0396053,0.0621681,0.0289486,0.0343371
746,0.0396428,0.0621272,0.0282322,0.0496763
747,0.0396801,0.0621346,0.0277444,0.0367546
748,0.0397174,0.0621906,0.0274922,0.0393737
749,0.0397547,0.0622938,0.027472,0.038114
750,0.0397918,0.0624408,0.02767,0.0435936
751,0.039829,0.0626268,0.0280626,0.0554972
752,0.039866,0.0628456,0.0286169,0.00716679
753,0.039903,0.0630894,0.0292924,0.043578
754,0.03994,0.06335,0.0300422,0.0448353
755,0.0399769,0.0636182,0.0308151,0.0422539
756,0.0400137,0.0638848,0.0315573,-0.0117662
757,0.0400504,0.0641405,0.0322149,0.0477707
758,0.0400872,0.0643764,0.0327358,0.0450872
759,0.0401238,0.0645845,0.0330722,0.00923056
760,0.0401604,0.0647578,0.0331825,0.0543782
761,0.0401969,0.0648905,0.0330333,0.0348642
762,0.0402334,0.0649786,0.0326006,0.0225068
763,0.0402698,0.0650194,0.0318716,0.0631434
764,0.0403061,0.0650122,0.0308454,0.0404242
765,0.0403424,0.0649581,0.0295331,0.0605874
766,0.0403786,0.0648598,0.0279582,0.0316953
767,0.0404148,0.0647217,0.026156,0.0176183
768,0.0404508,0.0645498,0.0241725,-0.011698
769,0.0404869,0.0643512,0.0220631,0.00347933
770,0.0405229,0.0641339,0.019891,0.0622642
771,0.0405588,0.0639069,0.0177249,0.0151193
772,0.0405946,0.0636792,0.0156367,0.0669986
773,0.0406304,0.0634601,0.0136989,0.0330439
774,0.0406661,0.0632582,0.0119822,0.0242027
775,0.0407018,0.0630818,0.0105526,0.0337744
776,0.0407374,0.0629381,0.00946931,-0.00140749
777,0.040773,0.0628331,0.00878184,0.0599658
778,0.0408085,0.0627712,0.00852842,0.0388599
779,0.0408439,0.0627553,0.00873416,0.0425864
780,0.0408792,0.0627867,0.00940981,0.0544553
781,0.0409145,0.0628647,0.010551,0.0337987
782,0.0409498,0.062987,0.012138,0.0585821
783,0.040985,0.0631496,0.014136,0.0527262
784,0.0410201,0.0633471,0.0164958,0.0100109
785,0.0410551,0.0635726,0.0191556,0.010747
786,0.0410901,0.0638185,0.022042,0.0375594
787,0.041125,0.0640761,0.0250733,0.0240145
788,0.0411599,0.0643365,0.0281609,0.0604685
789,0.0411947,0.0645906,0.0312132,0.0223026
790,0.0412295,0.0648296,0.0341381,0.0812648
791,0.0412641,0.0650453,0.0368459,0.0212656
792,0.0412988,0.0652303,0.0392529,0.0422145
793,0.0413333,0.0653784,0.041284,0.0375975
794,0.0413678,0.0654848,0.042875,0.0636436
795,0.0414023,0.0655462,0.0439754,0.0383236
796,0.0414366,0.065561,0.0445503,0.0602321
797,0.0414709,0.0655295,0.0445812,0.0382958
798,0.0415052,0.0654534,0.0440673,0.0735433
799,0.0415394,0.0653364,0.0430253,0.0419906
800,0.0415735,0.0651834,0.0414896,0.0402652
801,0.0416075,0.065001,0.0395106,0.0481602
802,0.0416415,0.0647965,0.0371535,0.0217417
803,0.0416755,0.0645782,0.0344962,0.0191783
804,0.0417093,0.064355,0.0316267,0.0363663
805,0.0417431,0.0641358,0.0286399,0.0254536
806,0.0417769,0.0639293,0.0256348,0.0304795
807,0.0418106,0.063744,0.0227111,0.0848295
808,0.0418442,0.0635873,0.0199654,0.0143514
809,0.0418777,0.0634656,0.0174881,0.0360668
810,0.0419112,0.0633841,0.0153603,0.0185421
811,0.0419447,0.0633463,0.0136507,0.0674796
812,0.041978,0.0633543,0.0124134,0.0396819
813,0.0420113,0.0634083,0.0116858,0.0649022
814,0.0420446,0.0635068,0.0114871,0.0603131
815,0.0420777,0.0636467,0.0118178,0.0118655
816,0.0421109,0.0638234,0.0126591,0.107873
817,0.0421439,0.0640309,0.013974,0.0662081
818,0.0421769,0.064262,0.0157081,0.0140252
819,0.0422098,0.0645086,0.0177918,0.0356747
820,0.0422427,0.0647622,0.0201419,0.0135254
821,0.0422755,0.0650139,0.0226657,0.008253
822,0.0423082,0.0652549,0.0252629,0.0330559
823,0.0423409,0.0654769,0.0278303,0.0118716
824,0.0423735,0.0656722,0.0302646,0.0681666
825,0.042406,0.0658342,0.0324667,0.0356079
826,0.0424385,0.0659575,0.0343449,0.0273255
827,0.0424709,0.0660381,0.0358188,0.0507767
828,0.0425033,0.0660738,0.0368216,0.0696788
829,0.0425355,0.0660637,0.0373032,0.0251484
830,0.0425678,0.066009,0.0372323,0.0437196
831,0.0425999,0.0659124,0.0365971,0.0764562
832,0.042632,0.0657781,0.0354069,0.0472749
833,0.042664,0.0656118,0.0336911,0.0040328
834,0.042696,0.0654202,0.0314992,0.00535828
835,0.0427279,0.0652113,0.0288988,0.0286178
836,0.0427597,0.0649933,0.0259737,0.0420565
837,0.0427915,0.0647751,0.0228212,0.03724
838,0.0428232,0.0645653,0.0195485,0.00394214
839,0.0428549,0.0643724,0.0162695,0.0363615
840,0.0428864,0.0642041,0.0131004,0.0531701
841,0.0429179,0.0640673,0.0101559,0.0272337
842,0.0429494,0.0639676,0.00754508,0.0499514
843,0.0429808,0.0639093,0.00536726,0.0133725
844,0.0430121,0.063895,0.00370864,0.0750466
845,0.0430433,0.0639259,0.00263883,0.0784852
846,0.0430745,0.0640014,0.00220826,0.0126437
847,0.0431057,0.0641191,0.00244602,0.0419069
848,0.0431367,0.0642751,0.00335856,0.0421347
849,0.0431677,0.0644643,0.00492908,0.0571952
850,0.0431986,0.06468,0.00711778,0.0746102
851,0.0432295,0.0649148,0.00986285,0.0372676
852,0.0432603,0.0651604,0.0130823,0.0895677
853,0.043291,0.0654083,0.0166766,0.0910851
854,0.0433217,0.0656497,0.0205316,0.0728801
855,0.0433523,0.0658763,0.0245227,0.0788555
856,0.0433829,0.0660802,0.0285185,0.0456325
857,0.0434133,0.0662544,0.0323857,0.0214214
858,0.0434437,0.0663929,0.0359937,0.0616632
859,0.0434741,0.0664913,0.0392186,0.0555095
860,0.0435043,0.0665464,0.0419484,0.0593789
861,0.0435346,0.0665568,0.0440865,0.0491779
862,0.0435647,0.0665228,0.0455554,0.0110653
863,0.0435948,0.0664463,0.0463,0.0230216
864,0.0436248,0.0663306,0.0462894,0.0178871
865,0.0436547,0.0661809,0.0455185,0.0633394
866,0.0436846,0.0660031,0.0440087,0.0510975
867,0.0437144,0.0658047,0.0418078,0.0593937
868,0.0437442,0.0655934,0.0389882,0.0838913
869,0.0437739,0.065378,0.0356451,0.0465627
870,0.0438035,0.0651668,0.0318939,0.0561872
871,0.0438331,0.0649684,0.027866,0.0335886
872,0.0438625,0.0647906,0.0237052,0.0425428
873,0.043892,0.0646407,0.0195625,0.0509562
874,0.0439213,0.0645248,0.0155911,0.0208612
875,0.0439506,0.0644476,0.0119418,0.045451
876,0.0439798,0.0644126,0.0087572,0.0293231
877,0.044009,0.0644216,0.00616698,0.0376042
878,0.0440381,0.0644746,0.00428346,0.0553808
879,0.0440671,0.0645702,0.00319747,0.106736
880,0.0440961,0.0647053,0.00297497,0.0401444
881,0.044125,0.0648753,0.00365454,-0.0124704
882,0.0441538,0.0650744,0.00524569,0.0202696
883,0.0441825,0.0652956,0.00772823,0.0485197
884,0.0442112,0.0655312,0.0110525,0.0161294
885,0.0442399,0.0657729,0.0151409,0.0542397
886,0.0442684,0.0660122,0.0198897,0.0402743
887,0.0442969,0.0662406,0.0251731,0.0217156
888,0.0443253,0.0664502,0.0308463,0.0577122
889,0.0443537,0.0666338,0.036751,0.0724493
890,0.044382,0.066785,0.0427201,0.0336552
891,0.0444102,0.0668989,0.0485837,0.0216464
892,0.0444384,0.0669716,0.0541749,-0.00239691
893,0.0444665,0.0670012,0.0593351,0.0209364
894,0.0444945,0.0669871,0.0639205,-0.0101812
895,0.0445224,0.0669304,0.0678062,0.0613852
896,0.0445503,0.0668339,0.0708918,0.00293762
897,0.0445781,0.0667018,0.0731047,0.0313888
898,0.0446059,0.0665395,0.0744033,-0.00449059
899,0.0446336,0.0663539,0.0747788,0.0401494
900,0.0446612,0.0661522,0.0742565,-0.00137907
901,0.0446888,0.0659427,0.0728951,0.0507014
902,0.0447163,0.0657337,0.0707857,0.0342713
903,0.0447437,0.0655336,0.0680493,0.0618552
904,0.044771,0.0653502,0.064833,0.0215473
905,0.0447983,0.0651909,0.0613061,0.0145366
906,0.0448255,0.0650622,0.0576542,0.0444368
907,0.0448527,0.0649692,0.0540739,0.00022963
908,0.0448798,0.0649159,0.0507661,0.048191
909,0.0449068,0.0649047,0.0479294,0.0579457
910,0.0449337,0.0649363,0.0457534,0.0959151
911,0.0449606,0.06501,0.0444124,0.0606035
912,0.0449874,0.0651235,0.0440591,0.111486
913,0.0450142,0.0652728,0.044819,0.0468838
914,0.0450408,0.0654528,0.0467858,0.0637393
915,0.0450674,0.0656571,0.0500178,0.0373495
916,0.045094,0.0658786,0.0545347,0.00515048
917,0.0451205,0.0661094,0.0603161,0.0712799
918,0.0451469,0.0663412,0.0673019,0.0492819
919,0.0451732,0.0665661,0.0753924,0.0433534
920,0.0451995,0.0667759,0.0844511,0.0467676
921,0.0452257,0.0669635,0.0943078,0.0449706
922,0.0452518,0.0671224,0.104764,0.00647987
923,0.0452779,0.0672471,0.115596,0.0432879
924,0.0453039,0.0673338,0.126565,0.0781092
925,0.0453298,0.0673797,0.137422,0.0879378
926,0.0453556,0.0673838,0.147915,0.025367
927,0.0453814,0.0673465,0.157794,0.0221913
928,0.0454072,0.06727,0.166827,0.065513
929,0.0454328,0.0671578,0.174797,0.0375308
930,0.0454584,0.0670147,0.181514,0.042276
931,0.0454839,0.0668466,0.186822,0.0233273
932,0.0455094,0.0666606,0.190601,0.0641719
933,0.0455347,0.0664641,0.192771,0.058199
934,0.0455601,0.066265,0.193299,0.0309463
935,0.0455853,0.0660712,0.192193,0.0798847
936,0.0456105,0.0658906,0.189509,0.0502502
937,0.0456356,0.0657302,0.185345,0.0606391
938,0.0456606,0.0655965,0.179842,0.0625704
939,0.0456856,0.0654947,0.173174,0.0174205
940,0.0457105,0.065429,0.165551,0.0544714
941,0.0457353,0.0654021,0.157205,0.0168457
942,0.0457601,0.0654151,0.148388,0.0525014
943,0.0457848,0.0654679,0.139362,0.0484083
944,0.0458094,0.0655585,0.130393,0.0529693
945,0.045834,0.0656838,0.12174,0.0562728
946,0.0458584,0.0658392,0.11365,0.0426299
947,0.0458829,0.0660191,0.106348,0.0680289
948,0.0459072,0.066217,0.100031,0.0777754
949,0.0459315,0.0664258,0.0948638,0.030481
950,0.0459557,0.066638,0.0909698,0.0147162
951,0.0459798,0.0668458,0.0884306,0.0601024
952,0.0460039,0.0670422,0.087282,0.0961909
953,0.0460279,0.0672201,0.0875131,0.0411637
954,0.0460518,0.0673735,0.0890663,0.0399757
955,0.0460757,0.0674974,0.0918396,0.0319976
956,0.0460995,0.0675877,0.0956892,0.0760692
957,0.0461232,0.0676421,0.100434,0.0563682
958,0.0461469,0.0676592,0.105862,0.0922208
959,0.0461705,0.0676394,0.111735,0.0577513
960,0.046194,0.0675844,0.117798,0.0286521
961,0.0462174,0.0674971,0.123788,0.0386398
962,0.0462408,0.0673819,0.129437,0.0326213
963,0.0462641,0.0672439,0.134487,0.0763546
964,0.0462873,0.0670893,0.138695,0.0800888
965,0.0463105,0.0669246,0.14184,0.0115816
966,0.0463336,0.0667569,0.143732,0.0885875
967,0.0463566,0.0665929,0.144216,0.054236
968,0.0463796,0.0664394,0.14318,0.0644326
969,0.0464025,0.0663025,0.140557,0.0460125
970,0.0464253,0.0661876,0.136325,-0.0098125
971,0.0464481,0.066099,0.130515,0.024229
972,0.0464707,0.06604,0.123204,0.0430678
973,0.0464933,0.0660125,0.114514,0.0328713
974,0.0465159,0.0660173,0.104612,0.0553581
975,0.0465383,0.0660536,0.0937042,0.0828715
976,0.0465607,0.0661195,0.0820278,0.0615078
977,0.0465831,0.066212,0.0698467,0.00190412
978,0.0466053,0.0663269,0.0574433,0.0656041
979,0.0466275,0.0664591,0.0451103,0.0793555
980,0.0466496,0.0666033,0.0331423,0.0203991
981,0.0466717,0.0667534,0.0218275,0.0576747
982,0.0466937,0.0669034,0.0114394,0.0906903
983,0.0467156,0.0670477,0.00222852,0.026941
984,0.0467374,0.0671809,-0.00558405,0.027046
985,0.0467592,0.0672983,-0.0118135,0.0694664
986,0.0467809,0.0673964,-0.0163162,0.0604523
987,0.0468025,0.0674723,-0.018994,0.0626453
988,0.0468241,0.0675248,-0.0197968,-0.0173905
989,0.0468455,0.0675535,-0.0187235,0.0319882
990,0.046867,0.0675596,-0.0158225,0.0770275
991,0.0468883,0.0675454,-0.0111898,0.0655881
992,0.0469096,0.067514,-0.00496607,0.0246246
993,0.0469308,0.0674699,0.00266749,0.0339517
994,0.0469519,0.0674177,0.0114943,0.043025
995,0.046973,0.0673628,0.0212686,0.0515683
996,0.046994,0.0673105,0.0317227,0.0616468
997,0.0470149,0.0672659,0.0425745,0.0329979
998,0.0470357,0.0672336,0.0535349,0.0081541
999,0.0470565,0.0672172,0.0643167,0.0274149
1000,0.0470772,0.0672193,0.0746413,0.0241452
1001,0.0470978,0.0672409,0.0842472,0.00544897
1002,0.0471184,0.0672813,0.0928962,0.0761016
1003,0.0471389,0.0673382,0.10038,0.0358265
1004,0.0471593,0.0674073,0.106524,0.024587
1005,0.0471797,0.0674823,0.111194,0.0800219
1006,0.0472,0.0675551,0.114296,0.0366874
1007,0.0472202,0.0676162,0.115782,0.0819027
1008,0.0472403,0.0676542,0.115643,0.0388556
1009,0.0472604,0.0676568,0.113919,0.0442871
1010,0.0472804,0.067611,0.110685,0.0658735
1011,0.0473003,0.0675032,0.106058,0.0551915
1012,0.0473201,0.0673201,0.100185,0.0178398
1013,0.0473399,0.0670488,0.0932446,0.0366311
1014,0.0473596,0.0666778,0.0854351,0.0253526
1015,0.0473793,0.0661968,0.0769725,0.0796201
1016,0.0473988,0.0655979,0.0680825,0.0139176
1017,0.0474183,0.0648755,0.0589934,0.0373307
1018,0.0474378,0.0640269,0.0499303,0.0413148
1019,0.0474571,0.0630523,0.0411086,0.0295019
1020,0.0474764,0.0619555,0.0327278,0.0328913
1021,0.0474956,0.0607435,0.024967,0.0275488
1022,0.0475148,0.0594267,0.0179801,0.0579827
1023,0.0475338,0.0580188,0.0118921,0.0987297
